<assembly xmlns="http://maven.apache.org/plugins/maven-assembly-plugin/assembly/1.1.2" xmlns:xsi="http://www.w3.org/2001/XMLSchema-instance"
          xsi:schemaLocation="http://maven.apache.org/plugins/maven-assembly-plugin/assembly/1.1.2 http://maven.apache.org/xsd/assembly-1.1.2.xsd">
    <id>dist</id>
    <formats>
        <format>tar.gz</format>
        <format>zip</format>
    </formats>
    <fileSets>
        <fileSet>
            <directory>${project.basedir}</directory>
            <outputDirectory>/</outputDirectory>
            <includes>
                <include>COPYING.txt</include>
                <include>LICENSE.txt</include>
                <include>README.md</include>
                <include>jHiccupPlotter.xls</include>
                <include>pom.xml</include>
            </includes>
        </fileSet>
        <fileSet>
            <directory>${project.basedir}</directory>
            <outputDirectory>/</outputDirectory>
            <includes>
                <include>jHiccup</include>
                <include>jHiccupLogProcessor</include>
            </includes>
            <fileMode>0744</fileMode>
        </fileSet>
        <fileSet>
            <directory>${project.build.directory}</directory>
            <outputDirectory>/</outputDirectory>
            <includes>
                <include>jHiccup.jar</include>
            </includes>
        </fileSet>
        <fileSet>
            <directory>${project.basedir}/src</directory>
            <outputDirectory>/src</outputDirectory>
        </fileSet>
    </fileSets>
</assembly>

